,CORRECTION
of,31860
in,19052
for,10278
to,9584
on,6695
from,5545
with,5382
by,4733
as,4286
at,1844
into,1221
about,1047
like,883
than,860
through,718
during,635
,627
according,616
after,615
without,611
over,611
compared,472
under,394
between,392
among,391
against,297
despite,274
within,266
towards,242
around,241
besides,237
before,216
per,210
since,209
based,148
above,137
including,133
via,103
upon,103
regarding,96
unlike,93
given,78
throughout,77
such,74
because,72
beyond,72
near,59
across,56
until,52
while,50
but,49
behind,48
out,43
depending,37
onto,35
inside,34
along,33
till,32
below,30
amongst,24
concerning,23
toward,23
considering,22
up,21
except,18
coupled,17
worth,14
following,14
provided,13
not,12
off,12
online,12
due,11
versus,11
especially,10
if,9
outside,9
involving,8
alongside,7
combined,6
down,6
past,6
both,4
followed,4
plus,3
page,3
rather,3
that,3
less,3
beside,3
november,3
bbc,2
excluding,2
whether,2
accounting,2
vs.,2
though,2
notwithstanding,2
thanks,2
beneath,2
maybe,1
next,1
butler,1
doe,1
the,1
atop,1
2006,1
generation,1
*,1
almost,1
encyclopedia,1
either,1
usually,1
harness,1
there,1
starting,1
particularly,1
defect,1
beginning,1
form,1
nuclear,1
demography,1
comparative,1
february,1
23volume,1
dec,1
heat,1
cited,1
product,1
although,1
iv,1
light,1
then,1
straight,1
tool,1
amid,1
january,1
adding,1
ed,1
even,1
ever,1
aside,1
